{
  "spider": "./HeChengChaXiu.jar",
  "lives": [
    {
      "name": "live",
      "type": 0,
      "url": "https://s2.pub/l6",
      "epg": "http://epg.51zmt.top:8000/api/diyp/?ch={name}&date={date}"
    }
  ],
  "warningText": "本接口完全免费，切勿付费购买！",
  "sites": [
    {
      "key": "js_豆瓣荐片",
      "name": "🅱️追剧影院|T热播 公众号 猫技",
      "type": 3,
      "api": "./hlib/doubanjianpian1.js",
      "ext": "./hlib/doubanjianpian2.js"
    },
    {
      "key": "csp_量子",
      "name": "🅱️猫技量子|T追剧",
      "type": 3,
      "api": "csp_XBPQ",
      "searchable": 1,
      "quickSearch": 1,
      "filterable": 1,
      "ext": "./hlib/量子资源网.json"
    },
    {
      "key": "csp_非凡",
      "name": "🅱️茶秀非凡|T追剧",
      "type": 3,
      "api": "csp_XBPQ",
      "searchable": 1,
      "quickSearch": 1,
      "filterable": 1,
      "ext": "./hlib/非凡资源网.json"
    },
    {
      "key": "SP_360",
      "name": "🅱️影视官源|T追剧",
      "type": 3,
      "api": "csp_SP360",
      "searchable": 1,
      "quickSearch": 1,
      "filterable": 1,
      "changeable": 0
    },
    {
      "key": "cps_玩偶哥哥",
      "name": "🅱️玩偶哥哥|T追剧",
      "type": 3,
      "api": "csp_XYQHikerAL",
      "searchable": 1,
      "quickSearch": 1,
      "filterable": 1,
      "ext": "./hlib/玩偶哥哥.json"
    },
    {
      "key": "csp_AppYsV2_多米",
      "name": "🅱️多米蓝光|T追剧",
      "type": 3,
      "api": "csp_AppYsV2",
      "searchable": 1,
      "quickSearch": 1,
      "filterable": 1,
      "ext": "http://v.dmdh.top/api.php/app/"
    },
    {
      "key": "csp_AppYsV2_如意4K",
      "name": "🅱️如意tv4k|T追剧",
      "type": 3,
      "api": "csp_AppYsV2",
      "searchable": 1,
      "quickSearch": 1,
      "filterable": 1,
      "ext": "http://cms.maoyingshi.cc/api.php/app/"
    },
    {
      "key": "csp_AppYsV2_果果",
      "name": "🅱️日后蓝光|T追剧",
      "type": 3,
      "api": "csp_AppYsV2",
      "searchable": 1,
      "quickSearch": 1,
      "filterable": 1,
      "ext": "http://ros.hz752.live:66/api.php/app/"
    },
    {
      "key": "csp_磁力熊",
      "name": "🅱️磁力熊熊|T追剧",
      "type": 3,
      "api": "csp_XBPQ",
      "searchable": 1,
      "quickSearch": 1,
      "filterable": 1,
      "ext": "./hlib/磁力熊.json"
    },
    {
      "key": "csp_热播",
      "name": "🅱️热播之家|T追剧",
      "type": 3,
      "api": "csp_xBPQ",
      "searchable": 1,
      "quickSearch": 1,
      "filterable": 1,
      "ext": "./hlib/热播之家.json"
    },
    {
      "key": "csp_视觉",
      "name": "🅱️视觉影视|T追剧",
      "type": 3,
      "api": "csp_XBPQ",
      "searchable": 1,
      "quickSearch": 1,
      "filterable": 1,
      "ext": "./hlib/新视觉影视.json"
    },
    {
      "key": "csp_厂长",
      "name": "🅱️厂长影视|T追剧",
      "type": 3,
      "api": "csp_XBPQ",
      "searchable": 1,
      "quickSearch": 1,
      "filterable": 1,
      "ext": "./hlib/厂长影视.json"
    },
    {
      "key": "csp_策驰",
      "name": "🅱️策驰影视|T追剧",
      "type": 3,
      "api": "csp_XBPQ",
      "searchable": 1,
      "quickSearch": 1,
      "filterable": 1,
      "ext": "./hlib/策驰影视.json"
    },
    {
      "key": "csp_蚂蚁影院",
      "name": "🅱️蚂蚁影院|T追剧",
      "type": 3,
      "api": "csp_xBPQ",
      "searchable": 1,
      "quickSearch": 1,
      "filterable": 1,
      "ext": "./hlib/蚂蚁影院.json"
    },
    {
      "key": "csp_xBPQ_奇优",
      "name": "🅱️奇优影视|T追剧",
      "type": 3,
      "api": "csp_XBPQ",
      "searchable": 1,
      "quickSearch": 1,
      "filterable": 1,
      "ext": "./hlib/奇优影视.json"
    },
    {
      "key": "csp_乐猪",
      "name": "🅱️乐猪影视|T追剧",
      "type": 3,
      "api": "csp_xBPQ",
      "searchable": 1,
      "quickSearch": 1,
      "filterable": 1,
      "ext": "./hlib/乐猪影视.json"
    },
    {
      "key": "csp_农民",
      "name": "🅱️农民影视|T追剧",
      "type": 3,
      "api": "csp_XBPQ",
      "searchable": 1,
      "quickSearch": 1,
      "filterable": 1,
      "ext": "./hlib/农民影视.json"
    },
    {
      "key": "csp_91",
      "name": "🅱️玖摇影视|T追剧",
      "type": 3,
      "api": "csp_XBPQ",
      "searchable": 1,
      "quickSearch": 1,
      "filterable": 1,
      "ext": "./hlib/91影视.json"
    },
    {
      "key": "csp_Free",
      "name": "🅱️Free影视|T追剧",
      "type": 3,
      "api": "csp_XBPQ",
      "searchable": 1,
      "quickSearch": 1,
      "filterable": 1,
      "ext": "./hlib/Free影视.json"
    },
    {
      "key": "csp_爱看",
      "name": "🅱️爱看影视|T追剧",
      "type": 3,
      "api": "csp_XBPQ",
      "searchable": 1,
      "quickSearch": 1,
      "filterable": 1,
      "ext": "./hlib/爱看影视.json"
    },
    {
      "key": "csp_看看",
      "name": "🅱️看看影视|T追剧",
      "type": 3,
      "api": "csp_XBPQ",
      "searchable": 1,
      "quickSearch": 1,
      "filterable": 1,
      "ext": "./hlib/看看剧.json"
    },
    {
      "key": "csp_TVB",
      "name": "🅱️TVB云播|T追剧",
      "type": 3,
      "api": "csp_xBPQ",
      "searchable": 1,
      "quickSearch": 1,
      "filterable": 1,
      "ext": "./hlib/TVB云播.json"
    },
    {
      "key": "csp_555",
      "name": "🅱️珊瑚影视|T追剧",
      "type": 3,
      "api": "csp_XBPQ",
      "searchable": 1,
      "quickSearch": 1,
      "filterable": 1,
      "ext": "./hlib/555影视.json"
    },
    {
      "key": "csp_真不卡",
      "name": "🅱️不卡影视|T追剧",
      "type": 3,
      "api": "csp_XBPQ",
      "searchable": 1,
      "quickSearch": 1,
      "filterable": 1,
      "ext": "./hlib/真不卡影视.json"
    },
    {
      "key": "csp_子子",
      "name": "🅱️子子影视|T追剧",
      "type": 3,
      "api": "csp_XBPQ",
      "searchable": 1,
      "quickSearch": 1,
      "filterable": 1,
      "ext": "./hlib/子子影视.json"
    },
    {
      "key": "csp_大米",
      "name": "🅱️大米星球|T追剧",
      "type": 3,
      "api": "csp_XBPQ",
      "searchable": 1,
      "quickSearch": 1,
      "filterable": 1,
      "ext": "./hlib/大米星球.json"
    },
    {
      "key": "csp_兔瓜",
      "name": "🅱️兔瓜影视|T追剧",
      "type": 3,
      "api": "csp_xBPQ",
      "searchable": 1,
      "quickSearch": 1,
      "filterable": 1,
      "ext": "./hlib/兔兔瓜.json"
    },
    {
      "key": "csp_101",
      "name": "🅱️摇玲影视|T追剧",
      "type": 3,
      "api": "csp_XBPQ",
      "searchable": 1,
      "quickSearch": 1,
      "filterable": 1,
      "ext": "./hlib/101影视.json"
    },
    {
      "key": "csp_xBPQ_达龟",
      "name": "🅱️达龟影视|T追剧",
      "type": 3,
      "api": "csp_XBPQ",
      "searchable": 1,
      "quickSearch": 1,
      "filterable": 1,
      "ext": "./hlib/达达龟影视.json"
    },
    {
      "key": "csp_xBPQ_66",
      "name": "🅱️鎏琉影视|T追剧",
      "type": 3,
      "api": "csp_XBPQ",
      "searchable": 1,
      "quickSearch": 1,
      "filterable": 1,
      "ext": "./hlib/66影视.json"
    },
    {
      "key": "csp_BT",
      "name": "🅱️两个磁力|T追剧",
      "type": 3,
      "api": "csp_XBPQ",
      "searchable": 1,
      "quickSearch": 1,
      "filterable": 1,
      "ext": "./hlib/bttwo.json"
    },
    {
      "key": "csp_007",
      "name": "🅱️凌漆影视|T追剧",
      "type": 3,
      "api": "csp_XBPQ",
      "searchable": 1,
      "quickSearch": 1,
      "filterable": 1,
      "ext": "./hlib/007影视.json"
    },
    {
      "key": "csp_麻花",
      "name": "🅱️麻花影视|T追剧",
      "type": 3,
      "api": "csp_XBPQ",
      "searchable": 1,
      "quickSearch": 1,
      "filterable": 1,
      "ext": "./hlib/麻花影视.json"
    },
    {
      "key": "csp_A8",
      "name": "🅱️爱博影视|T追剧",
      "type": 3,
      "api": "csp_XBPQ",
      "searchable": 1,
      "quickSearch": 1,
      "filterable": 1,
      "ext": "./hlib/A8影视.json"
    },
    {
      "key": "csp_明帝",
      "name": "🅱️明帝影视|T追剧",
      "type": 3,
      "api": "csp_XBPQ",
      "searchable": 1,
      "quickSearch": 1,
      "filterable": 1,
      "ext": "./hlib/明帝影视.json"
    },
    {
      "key": "csp_胖虎",
      "name": "🅱️胖虎影视|T追剧",
      "type": 3,
      "api": "csp_XBPQ",
      "searchable": 1,
      "quickSearch": 1,
      "filterable": 1,
      "ext": "./hlib/胖虎影视.json"
    },
    {
      "key": "csp_鸭奈飞",
      "name": "🅱️奈飞影视|T追剧",
      "type": 3,
      "api": "csp_XBPQ",
      "searchable": 1,
      "quickSearch": 1,
      "filterable": 1,
      "ext": "./hlib/鸭奈飞影视.json"
    },
    {
      "key": "csp_小站",
      "name": "🅱️无名小站|T追剧",
      "type": 3,
      "api": "csp_XBPQ",
      "searchable": 1,
      "quickSearch": 1,
      "filterable": 1,
      "ext": "./hlib/无名小站.json"
    },
    {
      "key": "csp_西瓜",
      "name": "🅱️西瓜影视|T追剧",
      "type": 3,
      "api": "csp_XBPQ",
      "searchable": 1,
      "quickSearch": 1,
      "filterable": 1,
      "ext": "./hlib/西瓜影视.json"
    },
    {
      "key": "csp_蛋蛋",
      "name": "🅱️蛋蛋影视|T追剧",
      "type": 3,
      "api": "csp_XBPQ",
      "searchable": 1,
      "quickSearch": 1,
      "filterable": 1,
      "ext": "./hlib/蛋蛋影视.json"
    },
    {
      "key": "csp_xBPQ_野荷塘",
      "name": "🅱️荷塘影视|T追剧",
      "type": 3,
      "api": "csp_XBPQ",
      "searchable": 1,
      "quickSearch": 1,
      "filterable": 1,
      "ext": "./hlib/野荷塘影视.json"
    },
    {
      "key": "csp_4k影院",
      "name": "🅱️极客影视|T追剧",
      "type": 3,
      "api": "csp_XBPQ",
      "searchable": 1,
      "quickSearch": 1,
      "filterable": 1,
      "ext": "./hlib/4K影院.json"
    },
    {
      "key": "csp_苹果",
      "name": "🅱️苹果影视|T追剧",
      "type": 3,
      "api": "csp_XBPQ",
      "searchable": 1,
      "quickSearch": 1,
      "filterable": 1,
      "ext": "./hlib/苹果影视.json"
    },
    {
      "key": "csp_光棍",
      "name": "🅱️光棍影视|T追剧",
      "type": 3,
      "api": "csp_XBPQ",
      "searchable": 1,
      "quickSearch": 1,
      "filterable": 1,
      "ext": "./hlib/光棍影视.json"
    },
    {
      "key": "csp_米爱",
      "name": "🅱️米爱影视|T追剧",
      "type": 3,
      "api": "csp_XBPQ",
      "searchable": 1,
      "quickSearch": 1,
      "filterable": 1,
      "ext": "./hlib/米爱影视.json"
    },
    {
      "key": "csp_落攻",
      "name": "🅱️落攻影视|T追剧",
      "type": 3,
      "api": "csp_XBPQ",
      "searchable": 1,
      "quickSearch": 1,
      "filterable": 1,
      "ext": "./hlib/落攻阁影视.json"
    },
    {
      "key": "csp_低端",
      "name": "🅱️低端影视|T追剧",
      "type": 3,
      "api": "csp_XBPQ",
      "searchable": 1,
      "quickSearch": 1,
      "filterable": 1,
      "ext": "./hlib/低端影视.json"
    },
    {
      "key": "js_酷云77",
      "name": "🅱️炫彩影视|T热播",
      "type": 3,
      "api": "./hlib/doubanjianpian1.js",
      "ext": "./hlib/酷云77.js"
    },
    {
      "key": "py_cctv_full",
      "name": "📺央视栏目大全",
      "type": 3,
      "api": "py_cctv_full",
      "searchable": 0,
      "quickSearch": 0,
      "filterable": 1,
      "ext": "./hlib/py_ysdq.py"
    },
    {
      "key": "py_cctv",
      "name": "📺央视栏目自选",
      "type": 3,
      "api": "py_cctv",
      "searchable": 0,
      "quickSearch": 0,
      "filterable": 1,
      "ext": "./hlib/py_yszx.py"
    },
    {
      "key": "Yisou",
      "name": "🔍阿里|易搜索",
      "type": 3,
      "api": "csp_YiSo",
      "playerType": 1,
      "searchable": 1,
      "quickSearch": 1,
      "filterable": 1,
      "ext": "http://127.0.0.1:9978/file/tvbox/token.txt"
    },
    {
      "key": "Zhaozy",
      "name": "🔍阿里|找资源",
      "type": 3,
      "api": "csp_Zhaozy",
      "playerType": 1,
      "searchable": 1,
      "quickSearch": 1,
      "filterable": 1,
      "ext": "http://127.0.0.1:9978/file/tvbox/token.txt"
    },
    {
      "key": "Upyunso",
      "name": "🔍阿里|云搜索",
      "type": 3,
      "api": "csp_UpYun",
      "playerType": 1,
      "searchable": 1,
      "quickSearch": 1,
      "filterable": 1,
      "ext": "http://127.0.0.1:9978/file/tvbox/token.txt"
    },
    {
      "key": "Alips",
      "name": "🔍阿里|盘搜索",
      "type": 3,
      "api": "csp_PanSou",
      "playerType": 1,
      "searchable": 1,
      "quickSearch": 1,
      "filterable": 1,
      "ext": "http://127.0.0.1:9978/file/tvbox/token.txt"
    },
    {
      "key": "PanSearch",
      "name": "🔍阿里|网盘搜",
      "type": 3,
      "api": "csp_PanSearch",
      "searchable": 1,
      "quickSearch": 1,
      "filterable": 0,
      "ext": "http://127.0.0.1:9978/file/tvbox/token.txt"
    },
    {
      "key": "土拨鼠",
      "name": "🔍阿里|土拨鼠",
      "type": 3,
      "api": "csp_XYQHiker",
      "searchable": 1,
      "quickSearch": 1,
      "filterable": 1,
      "ext": "./hlib/土拨鼠.json"
    },
    {
      "key": "mtv_xp_动漫巴士",
      "name": "🐼动漫丨巴士",
      "type": 3,
      "api": "csp_XBPQ",
      "searchable": 0,
      "quickSearch": 0,
      "filterable": 0,
      "ext": "./hlib/动漫巴士.json"
    },
    {
      "key": "mtv_xp_维奇动漫",
      "name": "🐼维奇丨动漫",
      "type": 3,
      "api": "csp_XBPQ",
      "searchable": 0,
      "quickSearch": 0,
      "filterable": 0,
      "ext": "./hlib/维奇动漫.json"
    },
    {
      "key": "演唱会自定义",
      "name": "🎧哔哩｜音乐",
      "type": 3,
      "api": "csp_Bili",
      "searchable": 0,
      "quickSearch": 0,
      "filterable": 1,
      "ext": "./hlib/看演唱会.json"
    },
    {
      "key": "相声小品",
      "name": "👀相声｜小品",
      "type": 3,
      "api": "csp_Bili",
      "searchable": 0,
      "quickSearch": 0,
      "filterable": 1,
      "ext": "./hlib/相声小品.json"
    },
    {
      "key": "美食",
      "name": "️🅱天下｜美食",
      "type": 3,
      "api": "csp_Bili",
      "searchable": 0,
      "quickSearch": 0,
      "filterable": 1,
      "ext": "./hlib/天下美食.json"
    },
    {
      "key": "mtv_xp_儿童乐园",
      "name": "🅱儿童｜乐园",
      "type": 3,
      "api": "csp_Bili",
      "searchable": 0,
      "quickSearch": 0,
      "filterable": 1,
      "ext": "./hlib/儿童乐园.json"
    },
    {
      "key": "mtv_xp_学习课堂",
      "name": "🅱学习｜课堂",
      "type": 3,
      "api": "csp_Bili",
      "searchable": 0,
      "quickSearch": 0,
      "filterable": 1,
      "ext": "./hlib/学习课堂.json"
    },
    {
      "key": "mtv_xp_戏曲杂苑",
      "name": "🅱戏曲｜杂苑",
      "type": 3,
      "api": "csp_Bili",
      "searchable": 0,
      "quickSearch": 0,
      "filterable": 1,
      "ext": "./hlib/戏曲杂苑.json"
    }
  ],
  "parses": [
    {
      "name": "解析聚合",
      "type": 3,
      "url": "Demo"
    },
    {
      "name": "嗅探聚合",
      "type": 3,
      "url": "Web"
    },
    {
      "name": "观音解析",
      "type": 1,
      "url": "http://27.124.4.42:4567/jhjson/ceshi.php?url=",
      "User-Agent": "okhttp/3.12.0",
      "ext": {
        "flag": [
          "qq",
          "腾讯",
          "qiyi",
          "爱奇艺",
          "奇艺",
          "youku",
          "优酷",
          "sohu",
          "搜狐",
          "letv",
          "乐视",
          "yk",
          "mgtv",
          "芒果",
          "CL4K",
          "renrenmi",
          "ltnb",
          "bilibili",
          "1905",
          "xigua"
        ]
      }
    },
    {
      "name": "寿眉解析",
      "url": "http://180.102.25.145:66/api/jsonindex.php/?key=vd4Kpwz3WxUEg16hmf&url=",
      "type": 1,
      "ext": {
        "flag": [
          "qiyi",
          "imgo",
          "爱奇艺",
          "奇艺",
          "qq",
          "腾讯",
          "youku",
          "优酷",
          "pptv",
          "PPTV",
          "letv",
          "乐视",
          "leshi",
          "bilibili",
          "哔哩哔哩",
          "哔哩",
          "mgtv",
          "芒果",
          "sohu",
          "xigua",
          "fun",
          "风行"
        ],
        "header": {
          "User-Agent": "LuaSocket 3.0-rc1"
        }
      },
      "header": {
        "User-Agent": "LuaSocket 3.0-rc1"
      }
    },
    {
      "name": "冰岛解析",
      "url": "https://jx.255tv.tk/api/?key=S6kQHaE1gVEY5KAv8L&url=",
      "type": 1,
      "ext": {
        "flag": [
          "qiyi",
          "imgo",
          "爱奇艺",
          "奇艺",
          "qq",
          "腾讯",
          "youku",
          "优酷",
          "pptv",
          "PPTV",
          "letv",
          "乐视",
          "leshi",
          "bilibili",
          "哔哩哔哩",
          "哔哩",
          "mgtv",
          "芒果",
          "sohu",
          "xigua",
          "fun",
          "风行"
        ],
        "header": {
          "User-Agent": "LuaSocket 3.0-rc1"
        }
      },
      "header": {
        "User-Agent": "LuaSocket 3.0-rc1"
      }
    },
    {
      "name": "昔归解析",
      "url": "https://api.itcxo.cn/api/jsonindex.php/?key=zfFfINCGuFDFqzc24L&url=",
      "type": 1,
      "ext": {
        "flag": [
          "qiyi",
          "imgo",
          "爱奇艺",
          "奇艺",
          "qq",
          "腾讯",
          "youku",
          "优酷",
          "pptv",
          "PPTV",
          "letv",
          "乐视",
          "leshi",
          "bilibili",
          "哔哩哔哩",
          "哔哩",
          "mgtv",
          "芒果",
          "sohu",
          "xigua",
          "fun",
          "风行"
        ],
        "header": {
          "User-Agent": "LuaSocket 3.0-rc1"
        }
      },
      "header": {
        "User-Agent": "LuaSocket 3.0-rc1"
      }
    },
    {
      "name": "滇红嗅探",
      "type": 0,
      "url": "https://jx.777jiexi.com/player/?url="
    },
    {
      "name": "毛尖嗅探",
      "type": 0,
      "url": "https://jx.bozrc.com:4433/player/?url=",
      "ext": {
        "header": {
          "User-Agent": "okhttp/4.1.0"
        },
        "flag": [
          "qq",
          "腾讯",
          "qiyi",
          "爱奇艺",
          "奇艺",
          "youku",
          "优酷",
          "mgtv",
          "芒果",
          "letv",
          "leshi",
          "LS",
          "乐视",
          "pptv",
          "PPTV",
          "sohu",
          "bilibili",
          "哔哩哔哩",
          "哔哩"
        ]
      }
    },
    {
      "name": "白茶嗅探",
      "url": "https://jx.bozrc.com:4433/player/?url=",
      "showType": 1
    },
    {
      "name": "青柑嗅探",
      "type": 0,
      "url": "http://www.miaoys.cc/vip/?url="
    },
    {
      "name": "岩茶嗅探",
      "type": 0,
      "url": "https://jx.ppjbk.cn/?url=",
      "ext": {
        "header": {
          "User-Agent": "Mozilla/5.0"
        }
      }
    },
    {
      "name": "小种嗅探",
      "type": 0,
      "url": "https://jx.jsonplayer.com/player/?url="
    },
    {
      "name": "普洱嗅探",
      "url": "https://jx.bozrc.com:4433/player/?url=",
      "type": 0,
      "ext": {
        "flag": [
          "qiyi",
          "imgo",
          "爱奇艺",
          "奇艺",
          "qq",
          "腾讯",
          "youku",
          "优酷",
          "pptv",
          "PPTV",
          "letv",
          "乐视",
          "leshi",
          "bilibili",
          "哔哩哔哩",
          "哔哩",
          "mgtv",
          "芒果",
          "sohu",
          "xigua",
          "fun",
          "风行"
        ],
        "header": {
          "User-Agent": "Mozilla/5.0"
        }
      }
    },
    {
      "name": "红茶嗅探",
      "type": 0,
      "url": "https://jx.4kdv.com/?url=",
      "ext": {
        "header": {
          "User-Agent": "okhttp/4.1.0"
        },
        "flag": [
          "qq",
          "腾讯",
          "qiyi",
          "爱奇艺",
          "奇艺",
          "youku",
          "优酷",
          "mgtv",
          "芒果",
          "letv",
          "leshi",
          "LS",
          "乐视",
          "pptv",
          "PPTV",
          "sohu",
          "bilibili",
          "哔哩哔哩",
          "哔哩"
        ]
      }
    }
  ],
  "flags": [
    "youku",
    "qq",
    "QQ",
    "iqiyi",
    "qiyi",
    "letv",
    "sohu",
    "tudou",
    "pptv",
    "PPTV",
    "mgtv",
    "ltnb",
    "rx",
    "CL4K",
    "xfyun",
    "wuduzy",
    "wasu",
    "bilibili",
    "renrenmi",
    "xmm",
    "xigua",
    "m1905 ",
    "funshion ",
    "duoduozy",
    "xinluan",
    "ddzy",
    "tgqp",
    "tkqp",
    "XRJX",
    "优酷",
    "芒果",
    "腾讯",
    "爱奇艺",
    "奇艺",
    "哔哩哔哩",
    "哔哩"
  ],
  "ijk": [
    {
      "group": "软解码",
      "options": [
        {
          "category": 4,
          "name": "opensles",
          "value": "0"
        },
        {
          "category": 1,
          "name": "fflags",
          "value": "fastseek"
        },
        {
          "category": 4,
          "name": "framedrop",
          "value": "1"
        },
        {
          "category": 4,
          "name": "enable-accurate-seek",
          "value": "0"
        },
        {
          "category": 4,
          "name": "start-on-prepared",
          "value": "1"
        },
        {
          "category": 1,
          "name": "http-detect-range-support",
          "value": "0"
        },
        {
          "category": 4,
          "name": "mediacodec-handle-resolution-change",
          "value": "0"
        },
        {
          "category": 2,
          "name": "skip_loop_filter",
          "value": "48"
        },
        {
          "category": 4,
          "name": "reconnect",
          "value": "1"
        },
        {
          "category": 4,
          "name": "overlay-format",
          "value": "842225234"
        },
        {
          "category": 4,
          "name": "mediacodec",
          "value": "0"
        },
        {
          "category": 4,
          "name": "mediacodec-auto-rotate",
          "value": "0"
        },
        {
          "category": 4,
          "name": "soundtouch",
          "value": "1"
        },
        {
          "category": 4,
          "name": "mediacodec-hevc",
          "value": "0"
        },
        {
          "category": 1,
          "name": "dns_cache_timeout",
          "value": "600000000"
        }
      ]
    },
    {
      "group": "硬解码",
      "options": [
        {
          "category": 4,
          "name": "opensles",
          "value": "0"
        },
        {
          "category": 1,
          "name": "fflags",
          "value": "fastseek"
        },
        {
          "category": 4,
          "name": "framedrop",
          "value": "1"
        },
        {
          "category": 4,
          "name": "enable-accurate-seek",
          "value": "0"
        },
        {
          "category": 4,
          "name": "start-on-prepared",
          "value": "1"
        },
        {
          "category": 1,
          "name": "http-detect-range-support",
          "value": "0"
        },
        {
          "category": 4,
          "name": "mediacodec-handle-resolution-change",
          "value": "1"
        },
        {
          "category": 2,
          "name": "skip_loop_filter",
          "value": "48"
        },
        {
          "category": 4,
          "name": "reconnect",
          "value": "1"
        },
        {
          "category": 4,
          "name": "overlay-format",
          "value": "842225234"
        },
        {
          "category": 4,
          "name": "mediacodec",
          "value": "1"
        },
        {
          "category": 4,
          "name": "mediacodec-auto-rotate",
          "value": "1"
        },
        {
          "category": 4,
          "name": "soundtouch",
          "value": "1"
        },
        {
          "category": 4,
          "name": "mediacodec-hevc",
          "value": "1"
        },
        {
          "category": 1,
          "name": "dns_cache_timeout",
          "value": "600000000"
        }
      ]
    }
  ],
  "ads": [
    "mimg.0c1q0l.cn",
    "www.googletagmanager.com",
    "www.google-analytics.com",
    "mc.usihnbcq.cn",
    "mg.g1mm3d.cn",
    "mscs.svaeuzh.cn",
    "cnzz.hhttm.top",
    "tp.vinuxhome.com",
    "cnzz.mmstat.com",
    "www.baihuillq.com",
    "s23.cnzz.com",
    "z3.cnzz.com",
    "c.cnzz.com",
    "stj.v1vo.top",
    "z12.cnzz.com",
    "img.mosflower.cn",
    "tips.gamevvip.com",
    "ehwe.yhdtns.com",
    "xdn.cqqc3.com",
    "www.jixunkyy.cn",
    "sp.chemacid.cn",
    "hm.baidu.com",
    "s9.cnzz.com",
    "z6.cnzz.com",
    "um.cavuc.com",
    "mav.mavuz.com",
    "wofwk.aoidf3.com",
    "z5.cnzz.com",
    "xc.hubeijieshikj.cn",
    "tj.tianwenhu.com",
    "xg.gars57.cn",
    "k.jinxiuzhilv.com",
    "cdn.bootcss.com",
    "ppl.xunzhuo123.com",
    "xomk.jiangjunmh.top",
    "img.xunzhuo123.com",
    "z1.cnzz.com",
    "s13.cnzz.com",
    "xg.huataisangao.cn",
    "z7.cnzz.com",
    "xg.huataisangao.cn",
    "z2.cnzz.com",
    "s96.cnzz.com",
    "q11.cnzz.com",
    "thy.dacedsfa.cn",
    "xg.whsbpw.cn",
    "s19.cnzz.com",
    "z8.cnzz.com",
    "s4.cnzz.com",
    "f5w.as12df.top",
    "ae01.alicdn.com",
    "www.92424.cn",
    "k.wudejia.com",
    "vivovip.mmszxc.top",
    "qiu.xixiqiu.com",
    "cdnjs.hnfenxun.com",
    "cms.qdwght.com"
  ]
}