{
  "data": [
    {
      "name": "尘封十三载",
      "pic": "https://p2.cri.cn/M00/65/E9/rBABC2Mi2NCABq8UAAAAAAAAAAA709.628x419.jpg",
      "url": "",
      "type": "search",     
      "desc": "人民网评：悬疑的《尘封十三载》，讲好了刑警的日常。",
      "show": true
    },
      {
      "name": "他是谁",
      "pic": "http://p6.itc.cn/images01/20230313/dfad9462e2ea42a692fdd6a253f3b0dc.jpeg",
      "url": "",
      "type": "search",     
       "desc": "电视剧《他是谁》主演：张译，陈雨锶，丁勇岱等演员。",
      "show": true
    },
    {
      "name": "资源大全",
      "pic": "https://wx4.sinaimg.cn/mw690/b06dbec0ly1hg7z2wznsyj21hc0mq45n.jpg",
      "url": "https://pan.quark.cn/s/77af1443267f#/list/share",
      "type": "web",     
       "desc": "点击获取更多实用资源",
      "show": true
    }
  ]
}