    {
    
    "作者":"荷城茶秀",
    
    "站名":"A8影视",
    
    "主页url":"https://a8ys.cc/",
    
    "简介":"荷城茶秀提醒您请勿相信影片中的广告，以免上当受骗。+<p&&</p>",
    
    "导演":"导演：&&</div>",
    
    "主演":"主演：&&</div>",
    
    "影片状态":"集数：&&</div>",
    
    "影片类型":"module-info-tag\">&&立即播放",
    
    "数组":"<a&&module-poster-item-info\">",
    
    "标题":"title=\"&&\"",
    
    "副标题":"note\">&&</div>",
    
    "图片":"data-original=\"&&\"",
    
    "链接":"href=\"&&\"",
    
    "搜索url":"/vodsearch/-------------.html?wd={wd}",
    
    "搜索数组":"module-card-item-class\">&&</a>",
    
    "搜索标题":"alt=\"&&\"",
    
    "搜索副标题":"note\">&&</div>",
    
    "搜索图片":"data-original=\"&&\"",
    
    "搜索链接":"href=\"&&\"",
    
    "线路数组":"data-dropdown-value=&&</div>[不包含:爱博备用#爱博备用2]",
    
    "线路标题":"<span>&&</small>[替换:A8>>爱博#</span><small>>>🌸共]+集🌸",
    
    "播放数组":"<div class=\"module-play-list-content&&</div>",
    
    "播放标题":"<span>&&</span>",
    
    "播放列表":"<a&&</a>",
    
    "分类url":"https://a8ys.cc/vodshow/-{area}-{by}-{class}-----{catePg}---{year}/id/{cateId}.html;;ak",
    
    "分类":"电影$1#电视剧$2#综艺$3#动漫$4#纪录$5",
    
    "筛选":{
    "1":[
    {"key":"cateld","name":"类型","value":[
    {"n":"全部类型","v":""},
    {"n":"动作片","v":"101"},
    {"n":"喜剧片","v":"102"},
    {"n":"爱情片","v":"103"},
    {"n":"科幻片","v":"104"},
    {"n":"剧情片","v":"105"},
    {"n":"悬疑片","v":"106"},
    {"n":"惊悚片","v":"107"},
    {"n":"恐怖片","v":"108"},
    {"n":"犯罪片","v":"109"},
    {"n":"冒险片","v":"111"},
    {"n":"奇幻片","v":"112"},
    {"n":"灾难片","v":"113"},
    {"n":"战争片","v":"114"},
    {"n":"动画片","v":"115"},
    {"n":"歌舞片","v":"116"},
    {"n":"历史片","v":"117"},
    {"n":"传记片","v":"118"},
    {"n":"纪录片","v":"521"},
    {"n":"武侠片","v":"520"},
    {"n":"谍战片","v":"524"}
    ]
    },
    {"key":"area","name":"地区","value":[
    {"n":"全部地区","v":""},
    {"n":"中国大陆","v":"中国大陆"},
    {"n":"中国香港","v":"中国香港"},
    {"n":"中国台湾","v":"中国台湾"},
    {"n":"美国","v":"美国"},
    {"n":"法国","v":"法国"},
    {"n":"英国","v":"英国"},
    {"n":"日本","v":"日本"},
    {"n":"韩国","v":"韩国"},
    {"n":"德国","v":"德国"},
    {"n":"泰国","v":"泰国"},
    {"n":"印度","v":"印度"},
    {"n":"其他","v":"其他"}
    ]
    },
    {"key":"year","name":"时间","value":[
    {"n":"全部时间","v":""},
    {"n":"2023","v":"2023"},
    {"n":"2022","v":"2022"},
    {"n":"2021","v":"2021"},
    {"n":"2020","v":"2020"},
    {"n":"2019","v":"2019"},
    {"n":"2018","v":"2018"},
    {"n":"2017","v":"2017"},
    {"n":"2016","v":"2016"},
    {"n":"2015","v":"2015"},
    {"n":"2014","v":"2014"},
    {"n":"2013","v":"2013"},
    {"n":"2012","v":"2012"},
    {"n":"2011","v":"2011"},
    {"n":"2010","v":"2010"},
    {"n":"2009","v":"2009"},
    {"n":"2008","v":"2008"},
    {"n":"2007","v":"2007"},
    {"n":"2006","v":"2006"},
    {"n":"2005","v":"2005"},
    {"n":"2004","v":"2004"},
    {"n":"2003","v":"2003"},
    {"n":"2002","v":"2002"},
    {"n":"2001","v":"2001"},
    {"n":"2000","v":"2000"}
    ]
    },
    {"key":"by","name":"排序","value":[
    {"n":"全部排序","v":""},
    {"n":"时间排序","v":"time"},
    {"n":"人气排序","v":"hits"},
    {"n":"评分排序","v":"score"}
    ]
    }
    ],
    "2":[
    {"key":"cateId","name":"类型","value":[
    {"n":"全部类型","v":""},
    {"n":"国产剧","v":"201"},
    {"n":"港台剧","v":"202"},
    {"n":"日韩剧","v":"203"},
    {"n":"欧美剧","v":"204"},
    {"n":"海外剧","v":"205"},
    {"n":"其他剧","v":"206"}
    ]
    },
    {"key":"class","name":"剧情","value":[
    {"n":"全部剧情","v":""},
    {"n":"爱情","v":"爱情"},
    {"n":"古装","v":"古装"},
    {"n":"战争","v":"战争"},
    {"n":"悬疑","v":"悬疑"},
    {"n":"都市","v":"都市"},
    {"n":"家庭","v":"家庭"},
    {"n":"喜剧","v":"喜剧"},
    {"n":"传奇","v":"传奇"},
    {"n":"武侠","v":"武侠"},
    {"n":"军旅","v":"军旅"},
    {"n":"农村","v":"农村"},
    {"n":"革命","v":"革命"},
    {"n":"年代","v":"年代"},
    {"n":"青春","v":"青春"},
    {"n":"仙侠","v":"仙侠"},
    {"n":"科幻","v":"科幻"},
    {"n":"竞技","v":"竞技"},
    {"n":"玄幻","v":"玄幻"},
    {"n":"谍战","v":"谍战"},
    {"n":"网剧","v":"网剧"},
    {"n":"穿越","v":"穿越"},
    {"n":"历史","v":"历史"}
    ]
    },
    {"key":"area","name":"地区","value":[
    {"n":"全部地区","v":""},
    {"n":"中国大陆","v":"中国大陆"},
    {"n":"中国香港","v":"中国香港"},
    {"n":"中国台湾","v":"中国台湾"},
    {"n":"美国","v":"美国"},
    {"n":"法国","v":"法国"},
    {"n":"英国","v":"英国"},
    {"n":"日本","v":"日本"},
    {"n":"韩国","v":"韩国"},
    {"n":"德国","v":"德国"},
    {"n":"泰国","v":"泰国"},
    {"n":"印度","v":"印度"},
    {"n":"其他","v":"其他"}
    ]
    },
    {"key":"year","name":"时间","value":[
    {"n":"全部时间","v":""},
    {"n":"2023","v":"2023"},
    {"n":"2022","v":"2022"},
    {"n":"2021","v":"2021"},
    {"n":"2020","v":"2020"},
    {"n":"2019","v":"2019"},
    {"n":"2018","v":"2018"},
    {"n":"2017","v":"2017"},
    {"n":"2016","v":"2016"},
    {"n":"2015","v":"2015"},
    {"n":"2014","v":"2014"},
    {"n":"2013","v":"2013"},
    {"n":"2012","v":"2012"},
    {"n":"2011","v":"2011"},
    {"n":"2010","v":"2010"},
    {"n":"2009","v":"2009"},
    {"n":"2008","v":"2008"},
    {"n":"2007","v":"2007"},
    {"n":"2006","v":"2006"},
    {"n":"2005","v":"2005"},
    {"n":"2004","v":"2004"},
    {"n":"2003","v":"2003"},
    {"n":"2002","v":"2002"},
    {"n":"2001","v":"2001"},
    {"n":"2000","v":"2000"}
    ]
    },
    {"key":"by","name":"排序","value":[
    {"n":"全部排序","v":""},
    {"n":"时间排序","v":"time"},
    {"n":"人气排序","v":"hits"},
    {"n":"评分排序","v":"score"}
    ]
    }
    ],
    "3":[
    {"key":"class","name":"剧情","value":[
    {"n":"全部剧情","v":""},
    {"n":"喜剧","v":"喜剧"},
    {"n":"访谈","v":"访谈"},
    {"n":"游戏","v":"游戏"},
    {"n":"晚会","v":"晚会"},
    {"n":"曲艺","v":"曲艺"},
    {"n":"脱口秀","v":"脱口秀"},
    {"n":"真人秀","v":"真人秀"},
    {"n":"情感","v":"情感"},
    {"n":"竞技","v":"竞技"},
    {"n":"竞演","v":"竞演"},
    {"n":"观察","v":"观察"},
    {"n":"音乐","v":"音乐"},
    {"n":"生活","v":"生活"},
    {"n":"职场","v":"职场"},
    {"n":"美食","v":"美食"},
    {"n":"电竞","v":"电竞"},
    {"n":"亲子","v":"亲子"},
    {"n":"文化","v":"文化"},
    {"n":"互动","v":"互动"},
    {"n":"资讯","v":"资讯"},
    {"n":"爱奇艺出品","v":"爱奇艺出品"}
    ]
    },
    {"key":"area","name":"地区","value":[
    {"n":"全部地区","v":""},
    {"n":"中国大陆","v":"中国大陆"},
    {"n":"中国香港","v":"中国香港"},
    {"n":"中国台湾","v":"中国台湾"},
    {"n":"美国","v":"美国"},
    {"n":"英国","v":"英国"},
    {"n":"韩国","v":"韩国"},
    {"n":"其他","v":"其他"}
    ]
    },
    {"key":"year","name":"时间","value":[
    {"n":"全部时间","v":""},
    {"n":"2023","v":"2023"},
    {"n":"2022","v":"2022"},
    {"n":"2021","v":"2021"},
    {"n":"2020","v":"2020"},
    {"n":"2019","v":"2019"},
    {"n":"2018","v":"2018"},
    {"n":"2017","v":"2017"},
    {"n":"2016","v":"2016"},
    {"n":"2015","v":"2015"},
    {"n":"2014","v":"2014"},
    {"n":"2013","v":"2013"},
    {"n":"2012","v":"2012"},
    {"n":"2011","v":"2011"},
    {"n":"2010","v":"2010"},
    {"n":"2009","v":"2009"},
    {"n":"2008","v":"2008"},
    {"n":"2007","v":"2007"},
    {"n":"2006","v":"2006"},
    {"n":"2005","v":"2005"},
    {"n":"2004","v":"2004"},
    {"n":"2003","v":"2003"},
    {"n":"2002","v":"2002"},
    {"n":"2001","v":"2001"},
    {"n":"2000","v":"2000"}
    ]
    },
    {"key":"by","name":"排序","value":[
    {"n":"全部排序","v":""},
    {"n":"时间排序","v":"time"},
    {"n":"人气排序","v":"hits"},
    {"n":"评分排序","v":"score"}
    ]
    }
    ],
    "4":[
    {"key":"cateId","name":"类型","value":[
    {"n":"全部类型","v":""},
    {"n":"b站番剧","v":"522"},
    {"n":"b站国创","v":"523"}
    ]
    },
    {"key":"class","name":"剧情","value":[
    {"n":"全部剧情","v":""},
    {"n":"冒险","v":"冒险"},
    {"n":"战斗","v":"战斗"},
    {"n":"搞笑","v":"搞笑"},
    {"n":"经典","v":"经典"},
    {"n":"科幻","v":"科幻"},
    {"n":"玄幻","v":"玄幻"},
    {"n":"魔幻","v":"魔幻"},
    {"n":"武侠","v":"武侠"},
    {"n":"恋爱","v":"恋爱"},
    {"n":"推理","v":"推理"},
    {"n":"日常","v":"日常"},
    {"n":"校园","v":"校园"},
    {"n":"悬疑","v":"悬疑"},
    {"n":"真人","v":"真人"},
    {"n":"历史","v":"历史"},
    {"n":"竞技","v":"竞技"},
    {"n":"腾讯出品","v":"腾讯出品"}
    ]
    },
    {"key":"area","name":"地区","value":[
    {"n":"全部地区","v":""},
    {"n":"中国大陆","v":"中国大陆"},
    {"n":"日本","v":"日本"},
    {"n":"美国","v":"美国"},
    {"n":"韩国","v":"韩国"},
    {"n":"英国","v":"英国"},
    {"n":"其他","v":"其他"}
    ]
    },
    {"key":"year","name":"时间","value":[
    {"n":"全部时间","v":""},
    {"n":"2023","v":"2023"},
    {"n":"2022","v":"2022"},
    {"n":"2021","v":"2021"},
    {"n":"2020","v":"2020"},
    {"n":"2019","v":"2019"},
    {"n":"2018","v":"2018"},
    {"n":"2017","v":"2017"},
    {"n":"2016","v":"2016"},
    {"n":"2015","v":"2015"},
    {"n":"2014","v":"2014"},
    {"n":"2013","v":"2013"},
    {"n":"2012","v":"2012"},
    {"n":"2011","v":"2011"},
    {"n":"2010","v":"2010"},
    {"n":"2009","v":"2009"},
    {"n":"2008","v":"2008"},
    {"n":"2007","v":"2007"},
    {"n":"2006","v":"2006"},
    {"n":"2005","v":"2005"},
    {"n":"2004","v":"2004"},
    {"n":"2003","v":"2003"},
    {"n":"2002","v":"2002"},
    {"n":"2001","v":"2001"},
    {"n":"2000","v":"2000"}
    ]
    },
    {"key":"by","name":"排序","value":[
    {"n":"全部排序","v":""},
    {"n":"时间排序","v":"time"},
    {"n":"人气排序","v":"hits"},
    {"n":"评分排序","v":"score"}
    ]
    }
    ],
    "5":[
    {"key":"class","name":"剧情","value":[
    {"n":"全部剧情","v":""},
    {"n":"自然","v":"自然"},
    {"n":"美食","v":"美食"},
    {"n":"社会","v":"社会"},
    {"n":"人文","v":"人文"},
    {"n":"历史","v":"历史"},
    {"n":"军事","v":"军事"},
    {"n":"科技","v":"科技"},
    {"n":"财经","v":"财经"},
    {"n":"探险","v":"探险"},
    {"n":"罪案","v":"罪案"},
    {"n":"竞技","v":"竞技"},
    {"n":"旅游","v":"旅游"},
    {"n":"医疗","v":"医疗"},
    {"n":"萌宠","v":"萌宠"}
    ]
    },
    {"key":"area","name":"地区","value":[
    {"n":"全部地区","v":""},
    {"n":"中国大陆","v":"中国大陆"},
    {"n":"中国香港","v":"中国香港"},
    {"n":"中国台湾","v":"中国台湾"},
    {"n":"美国","v":"美国"},
    {"n":"法国","v":"法国"},
    {"n":"英国","v":"英国"},
    {"n":"日本","v":"日本"},
    {"n":"韩国","v":"韩国"},
    {"n":"德国","v":"德国"},
    {"n":"泰国","v":"泰国"},
    {"n":"印度","v":"印度"},
    {"n":"其他","v":"其他"}
    ]
    },
    {"key":"year","name":"时间","value":[
    {"n":"全部时间","v":""},
    {"n":"2023","v":"2023"},
    {"n":"2022","v":"2022"},
    {"n":"2021","v":"2021"},
    {"n":"2020","v":"2020"},
    {"n":"2019","v":"2019"},
    {"n":"2018","v":"2018"},
    {"n":"2017","v":"2017"},
    {"n":"2016","v":"2016"},
    {"n":"2015","v":"2015"},
    {"n":"2014","v":"2014"},
    {"n":"2013","v":"2013"},
    {"n":"2012","v":"2012"},
    {"n":"2011","v":"2011"},
    {"n":"2010","v":"2010"},
    {"n":"2009","v":"2009"},
    {"n":"2008","v":"2008"},
    {"n":"2007","v":"2007"},
    {"n":"2006","v":"2006"},
    {"n":"2005","v":"2005"},
    {"n":"2004","v":"2004"},
    {"n":"2003","v":"2003"},
    {"n":"2002","v":"2002"},
    {"n":"2001","v":"2001"},
    {"n":"2000","v":"2000"}
    ]
    },
    {"key":"by","name":"排序","value":[
    {"n":"全部排序","v":""},
    {"n":"时间排序","v":"time"},
    {"n":"人气排序","v":"hits"},
    {"n":"评分排序","v":"score"}
    ]
    }
    ]
    }
    }