    {
    
    "作者":"荷城茶秀",
    
    "站名":"两个BT",
    
    "主页url":"https://www.bttwo.net/",
    
    "简介":"荷城茶秀提醒您请勿相信影片中的广告，以免上当受骗。+<div class=\"yp_context\"&&</p>",
    
    "导演":"导演：&&</li>",
    
    "主演":"主演：&&</li>",
    
    "影片状态":"上映：&&</li>",
    
    "影片类型":"类型：&&</li>",
    
    "影片地区":"地区：&&</li>",
    
    "影片年代":"年份：&&</li>",
    
    "数组":"<a&&</a></h3>[不包含:两个BT]",
    
    "标题":"alt=\"&&\"",
    
    "副标题":"<span>&&<",
    
    "图片":"data-original=\"&&\"",
    
    "链接":"href=\"&&\"",
    
    "搜索url":"/xssearch?q={wd}",
    
    "搜索数组":"thumb lazy\"&&</a></h3>",
    
    "搜索标题":"alt=\"&&\"",
    
    "搜索副标题":"<span>&&<",
    
    "搜索图片":"data-original=\"&&\"",
    
    "搜索链接":"href=\"&&\"",
    
    "线路数组":"zaixianbf\"&&</div>",
    
    "线路标题":"🌸+</i>&&</a>+🌸",
    
    "播放数组":"paly_list_btn\">&&</div>",
    
    "播放标题":">&&<",
    
    "播放列表":"<a&&/a>",
    
    "分类url":"https://www.bttwo.net/{cateId}/{area}/year/{year}/{class}/page/{catePg};;akx",
    
    "分类":"影视筛选$movie_bt#最新电影$new-movie#热门下载$hot#本月热门$hot-month#国产剧$zgjun#美剧$meiju#日韩剧$jpsrtv",
    
    "筛选":{
    "movie_bt":[
    {"key":"area","name":"地区","value":[
    {"v":"","n":"全部地区①"},
    {"v":"movie_bt_cat/不丹","n":"不丹"},
    {"v":"movie_bt_cat/ny","n":"东南亚"},
    {"v":"movie_bt_cat/zhonji","n":"中国"},
    {"v":"movie_bt_cat/zhogngtw","n":"中国台湾"},
    {"v":"movie_bt_cat/dl","n":"中国大陆"},
    {"v":"movie_bt_cat/zhongguoxg","n":"中国香港"},
    {"v":"movie_bt_cat/dm","n":"丹麦"},
    {"v":"movie_bt_cat/wuklan","n":"乌克兰"},
    {"v":"movie_bt_cat/yisl","n":"以色列"},
    {"v":"movie_bt_cat/yl","n":"伊朗"},
    {"v":"movie_bt_cat/els","n":"俄罗斯"},
    {"v":"movie_bt_cat/baojialiya","n":"保加利亚"},
    {"v":"movie_bt_cat/克罗地亚","n":"克罗地亚"},
    {"v":"movie_bt_cat/bingda","n":"冰岛"}
    ]
    },
    {"key":"area","name":"地区","value":[
    {"v":"","n":"全部地区②"},
    {"v":"movie_bt_cat/jnd","n":"加拿大"},
    {"v":"movie_bt_cat/匈牙利","n":"匈牙利"},
    {"v":"movie_bt_cat/nasilafu","n":"南斯拉夫"},
    {"v":"movie_bt_cat/nanfei","n":"南非"},
    {"v":"movie_bt_cat/kaer","n":"卡塔尔"},
    {"v":"movie_bt_cat/luob","n":"卢森堡"},
    {"v":"movie_bt_cat/yindu","n":"印度"},
    {"v":"movie_bt_cat/印度尼西亚","n":"印度尼西亚"},
    {"v":"movie_bt_cat/taiwan","n":"台湾"},
    {"v":"movie_bt_cat/gelunbiya","n":"哥伦比亚"},
    {"v":"movie_bt_cat/tuerqi","n":"土耳其"},
    {"v":"movie_bt_cat/saierweiya","n":"塞尔维亚"},
    {"v":"movie_bt_cat/moxige","n":"墨西哥"},
    {"v":"movie_bt_cat/aodili","n":"奥地利"}
    ]
    },
    {"key":"area","name":"地区","value":[
    {"v":"","n":"全部地区③"},
    {"v":"movie_bt_cat/nirily","n":"尼日利亚"},
    {"v":"movie_bt_cat/bx","n":"巴西"},
    {"v":"movie_bt_cat/xl","n":"希腊"},
    {"v":"movie_bt_cat/德国","n":"德国"},
    {"v":"movie_bt_cat/ydl","n":"意大利"},
    {"v":"movie_bt_cat/nw","n":"挪威"},
    {"v":"movie_bt_cat/jirker","n":"捷克"},
    {"v":"movie_bt_cat/摩洛哥","n":"摩洛哥"},
    {"v":"movie_bt_cat/siluofake","n":"斯洛伐克"},
    {"v":"movie_bt_cat/xinjip","n":"新加坡"},
    {"v":"movie_bt_cat/xinxilan","n":"新西兰"},
    {"v":"movie_bt_cat/rb","n":"日本"},
    {"v":"movie_bt_cat/rihan","n":"日韩"},
    {"v":"movie_bt_cat/omei","n":"欧美"},
    {"v":"movie_bt_cat/bilishi","n":"比利时"},
    {"v":"movie_bt_cat/fg","n":"法国"}
    ]
    },
    {"key":"area","name":"地区","value":[
    {"v":"","n":"全部地区④"},
    {"v":"movie_bt_cat/bolan","n":"波兰"},
    {"v":"movie_bt_cat/波多黎各","n":"波多黎各"},
    {"v":"movie_bt_cat/taigyo","n":"泰国"},
    {"v":"movie_bt_cat/gangtai","n":"港台"},
    {"v":"movie_bt_cat/adly","n":"澳大利亚"},
    {"v":"movie_bt_cat/arl","n":"爱尔兰"},
    {"v":"movie_bt_cat/asny","n":"爱沙尼亚"},
    {"v":"movie_bt_cat/瑞典","n":"瑞典"},
    {"v":"movie_bt_cat/ruishi","n":"瑞士"},
    {"v":"movie_bt_cat/baierls","n":"白俄罗斯"},
    {"v":"movie_bt_cat/秘鲁","n":"秘鲁"},
    {"v":"movie_bt_cat/tunisi","n":"突尼斯"},
    {"v":"movie_bt_cat/ltwan","n":"立陶宛"},
    {"v":"movie_bt_cat/lmny","n":"罗马尼亚"},
    {"v":"movie_bt_cat/mg","n":"美国"}
    ]
    },
    {"key":"area","name":"地区","value":[
    {"v":"","n":"全部地区⑤"},
    {"v":"movie_bt_cat/芬兰","n":"芬兰"},
    {"v":"movie_bt_cat/yg","n":"英国"},
    {"v":"movie_bt_cat/hl","n":"荷兰"},
    {"v":"movie_bt_cat/lsadlsi","n":"荷属安的列斯"},
    {"v":"movie_bt_cat/feilb","n":"菲律宾"},
    {"v":"movie_bt_cat/pty","n":"葡萄牙"},
    {"v":"movie_bt_cat/dide","n":"西德"},
    {"v":"movie_bt_cat/xby","n":"西班牙"},
    {"v":"movie_bt_cat/yeun","n":"越南"},
    {"v":"movie_bt_cat/ageiting","n":"阿根廷"},
    {"v":"movie_bt_cat/alq","n":"阿联酋"},
    {"v":"movie_bt_cat/hg","n":"韩国"},
    {"v":"movie_bt_cat/xiangg","n":"香港"},
    {"v":"movie_bt_cat/malaxy","n":"马来西亚"},
    {"v":"movie_bt_cat/马耳他","n":"马耳他"}
    ]
    },
    {"key":"class","name":"类型","value":[
    {"v":"","n":"全部类型①"},
    {"v":"movie_bt_tags/zj","n":"传记"},
    {"v":"movie_bt_tags/ertong","n":"儿童"},
    {"v":"movie_bt_tags/adt","n":"冒险"},
    {"v":"movie_bt_tags/juqing","n":"剧情"},
    {"v":"movie_bt_tags/at","n":"动作"},
    {"v":"movie_bt_tags/donghua","n":"动画"},
    {"v":"movie_bt_tags/lishi","n":"历史"},
    {"v":"movie_bt_tags/guzhuang","n":"古装"},
    {"v":"movie_bt_tags/tongxing","n":"同性"},
    {"v":"movie_bt_tags/xiju","n":"喜剧"},
    {"v":"movie_bt_tags/qihuan","n":"奇幻"},
    {"v":"movie_bt_tags/jiating","n":"家庭"},
    {"v":"movie_bt_tags/kongbu","n":"恐怖"},
    {"v":"movie_bt_tags/xuanni","n":"悬疑"},
    {"v":"movie_bt_tags/qingse","n":"情色"},
    {"v":"movie_bt_tags/jingsong","n":"惊悚"},
    {"v":"movie_bt_tags/戏曲","n":"戏曲"},
    {"v":"movie_bt_tags/zhanzheng","n":"战争"},
    {"v":"movie_bt_tags/gw","n":"歌舞"}
    ]
    },
    {"key":"class","name":"类型","value":[
    {"v":"","n":"全部类型②"},
    {"v":"movie_bt_tags/wuxia","n":"武侠"},
    {"v":"movie_bt_tags/zhannan","n":"灾难"},
    {"v":"movie_bt_tags/aiqing","n":"爱情"},
    {"v":"movie_bt_tags/fanzui","n":"犯罪"},
    {"v":"movie_bt_tags/短片","n":"短片"},
    {"v":"movie_bt_tags/kehuan","n":"科幻"},
    {"v":"movie_bt_tags/jilu","n":"纪录片"},
    {"v":"movie_bt_tags/xibu","n":"西部"},
    {"v":"movie_bt_tags/yd","n":"运动"},
    {"v":"movie_bt_tags/yinyue","n":"音乐"},
    {"v":"movie_bt_tags/黑色电影","n":"黑色电影"}
    ]
    },
    {"key":"year","name":"年份","value":[
    {"n":"全部年份","v":""},
    {"n":"2022","v":"2022"},
    {"n":"2021","v":"2021"},
    {"n":"2020","v":"2020"},
    {"n":"2019","v":"2019"},
    {"n":"2018","v":"2018"},
    {"n":"2017","v":"2017"},
    {"n":"2016","v":"2016"},
    {"n":"2015","v":"2015"},
    {"n":"2014","v":"2014"},
    {"n":"2013","v":"2013"},
    {"n":"2012","v":"2012"},
    {"n":"2011","v":"2011"},
    {"n":"2010","v":"2010"},
    {"n":"2009","v":"2009"},
    {"n":"2008","v":"2008"},
    {"n":"2007","v":"2007"},
    {"n":"2006","v":"2006"},
    {"n":"2005","v":"2005"},
    {"n":"2004","v":"2004"},
    {"n":"2003","v":"2003"},
    {"n":"2002","v":"2002"},
    {"n":"2001","v":"2001"},
    {"n":"2000","v":"2000"},
    {"n":"1999","v":"1999"},
    {"n":"1998","v":"1998"},
    {"n":"1997","v":"1997"},
    {"n":"1996","v":"1996"},
    {"n":"1995","v":"1995"},
    {"n":"1994","v":"1994"},
    {"n":"1993","v":"1993"},
    {"n":"1992","v":"1992"},
    {"n":"1991","v":"1991"},
    {"n":"1990","v":"1990"},
    {"n":"1989","v":"1989"},
    {"n":"1988","v":"1988"},
    {"n":"1987","v":"1987"},
    {"n":"1986","v":"1986"},
    {"n":"1985","v":"1985"},
    {"n":"1984","v":"1984"},
    {"n":"1983","v":"1983"},
    {"n":"1982","v":"1982"},
    {"n":"1980","v":"1980"},
    {"n":"1978","v":"1978"},
    {"n":"1977","v":"1977"},
    {"n":"1976","v":"1976"},
    {"n":"1975","v":"1975"},
    {"n":"1974","v":"1974"},
    {"n":"1973","v":"1973"},
    {"n":"1972","v":"1972"},
    {"n":"1970","v":"1970"},
    {"n":"1969","v":"1969"},
    {"n":"1963","v":"1963"},
    {"n":"1962","v":"1962"},
    {"v":"1959","n":"1959"},
    {"v":"1954","n":"1954"},
    {"v":"1952","n":"1952"},
    {"v":"1949","n":"1949"},
    {"v":"1938","n":"1938"},
    {"v":"1931","n":"1931"},
    {"v":"1925","n":"1925"},
    {"v":"1921","n":"1921"}
    ]
    }
    ]
    }
    }
    