    {
    
    "作者":"荷城茶秀",
    
    "站名":"兔兔瓜影视",
    
    "主页url":"http://www.tutugua.com/",
    
    "请求头":"手机",
    
    "简介":"荷城茶秀提醒您请勿相信影片中的广告，以免上当受骗。+该站点无完整的的剧情介绍，暂时无法提供简介…",
    
    "导演":"导演：&&</p>",
    
    "主演":"主演：&&</p>",
    
    "影片地区":"类型：&&</a>",
    
    "影片类型":"地区：&&</span>",
    
    "影片年代":"年份：&&</a>",
    
    "影片状态":"暂无状态",
    
    "数组":"stui-vodlist__thumb&&<h4",
    
    "标题":"title=\"&&\"",
    
    "副标题":"pic-text\"&&</span>",
    
    "图片":"data-original=\"&&\"",
    
    "链接":"href=\"&&\"",
    
    "线路数组":"</span><h3&&/h3>[不包含:WJ节点#SD节点#FS节点#UK节点]",
    
    "线路标题":"🌸+title\">&&<+🌸",
    
    "播放数组":"stui-content__playlist clearfix\">&&</ul>",
    
    "播放标题":">&&<",
    
    "播放列表":"<a&&/a>",
    
    "分类url":"http://www.tutugua.com/list/{cateId}_{catePg}_desc_{by}_{class}_{year}__{area}_{lang}.html",
   
    "分类":"电影$1#电视剧$2#综艺$3#动漫$4",
    
    "筛选":{
    "1":[
    {"key":"cateId","name":"类型","value":[
    {"n":"全部类型","v":""},
    {"n":"动作片","v":"5"},
    {"n":"喜剧片","v":"6"},
    {"n":"爱情片","v":"7"},
    {"n":"科幻片","v":"8"},
    {"n":"恐怖片","v":"9"},
    {"n":"剧情片","v":"10"},
    {"n":"战争片","v":"11"},
    {"n":"奇幻片","v":"16"},
    {"n":"惊悚片","v":"17"},
    {"n":"动画片","v":"18"},
    {"n":"悬疑片","v":"19"},
    {"n":"犯罪片","v":"20"},
    {"n":"纪录片","v":"21"},
    {"n":"音乐片","v":"22"},
    {"n":"微电影","v":"23"},
    {"n":"福利片","v":"36"}
    ]
    },
    {"key":"class","name":"剧情","value":[
    {"n":"全部剧情","v":""},
    {"n":"惊悚","v":"惊悚"},
    {"n":"悬疑","v":"悬疑"},
    {"n":"魔幻","v":"魔幻"},
    {"n":"罪案","v":"罪案"},
    {"n":"灾难","v":"灾难"},
    {"n":"动画","v":"动画"},
    {"n":"古装","v":"古装"},
    {"n":"青春","v":"青春"},
    {"n":"歌舞","v":"歌舞"},
    {"n":"文艺","v":"文艺"},
    {"n":"生活","v":"生活"},
    {"n":"历史","v":"历史"},
    {"n":"励志","v":"励志"},
    {"n":"预告片","v":"预告片"}
    ]
    },
    {"key":"area","name":"地区","value":[
    {"n":"全部地区","v":""},
    {"n":"大陆","v":"大陆"},
    {"n":"香港","v":"香港"},
    {"n":"台湾","v":"台湾"},
    {"n":"美国","v":"美国"},
    {"n":"韩国","v":"韩国"},
    {"n":"日本","v":"日本"},
    {"n":"泰国","v":"泰国"},
    {"n":"新加坡","v":"新加坡"},
    {"n":"马来西亚","v":"马来西亚"},
    {"n":"印度","v":"印度"},
    {"n":"英国","v":"英国"},
    {"n":"法国","v":"法国"},
    {"n":"加拿大","v":"加拿大"},
    {"n":"西班牙","v":"西班牙"},
    {"n":"俄罗斯","v":"俄罗斯"},
    {"n":"其它","v":"其它"}
    ]
    },
    {"key":"year","name":"时间","value":[
    {"n":"全部时间","v":""},
    {"n":"2023","v":"2023"},
    {"n":"2022","v":"2022"},
    {"n":"2021","v":"2021"},
    {"n":"2020","v":"2020"},
    {"n":"2019","v":"2019"},
    {"n":"2018","v":"2018"},
    {"n":"2017","v":"2017"},
    {"n":"2016","v":"2016"},
    {"n":"2015","v":"2015"},
    {"n":"2014","v":"2014"},
    {"n":"2013","v":"2013"},
    {"n":"2012","v":"2012"},
    {"n":"2011","v":"2011"},
    {"n":"2010","v":"2010"},
    {"n":"2009","v":"2009"},
    {"n":"2008","v":"2008"},
    {"n":"2007","v":"2007"},
    {"n":"2006","v":"2006"},
    {"n":"2005","v":"2005"},
    {"n":"2004","v":"2004"},
    {"n":"2003","v":"2003"}
    ]
    },
    {"key":"lang","name":"语言","value":[
    {"n":"全部语言","v":""},
    {"n":"国语","v":"国语"},
    {"n":"英语","v":"英语"},
    {"n":"粤语","v":"粤语"},
    {"n":"闽南语","v":"闽南语"},
    {"n":"韩语","v":"韩语"},
    {"n":"日语","v":"日语"},
    {"n":"法语","v":"法语"},
    {"n":"德语","v":"德语"},
    {"n":"其它","v":"其它"}
    ]
    },
    {"key":"by","name":"排序","value":[
    {"n":"全部排序","v":""},
    {"n":"时间排序","v":"time"},
    {"n":"人气排序","v":"hits"},
    {"n":"评分排序","v":"score"}
    ]
    }
    ],
    "2":[
    {"key":"cateId","name":"类型","value":[
    {"n":"全部类型","v":""},
    {"n":"大陆","v":"12"},
    {"n":"港剧","v":"13"},
    {"n":"韩剧","v":"14"},
    {"n":"美剧","v":"15"},
    {"n":"日剧","v":"24"},
    {"n":"台剧","v":"25"},
    {"n":"泰剧","v":"26"},
    {"n":"越剧","v":"27"}
    ]
    },
    {"key":"class","name":"剧情","value":[
    {"n":"全部剧情","v":""},
    {"n":"言情","v":"言情"},
    {"n":"都市","v":"都市"},
    {"n":"家庭","v":"家庭"},
    {"n":"生活","v":"生活"},
    {"n":"偶像","v":"偶像"},
    {"n":"喜剧","v":"喜剧"},
    {"n":"历史","v":"历史"},
    {"n":"古装","v":"古装"},
    {"n":"武侠","v":"武侠"},
    {"n":"刑侦","v":"刑侦"},
    {"n":"战争","v":"战争"},
    {"n":"神话","v":"神话"},
    {"n":"军旅","v":"军旅"},
    {"n":"谍战","v":"谍战"},
    {"n":"商战","v":"商战"},
    {"n":"校园","v":"校园"},
    {"n":"穿越","v":"穿越"},
    {"n":"悬疑","v":"悬疑"},
    {"n":"犯罪","v":"犯罪"},
    {"n":"科幻","v":"科幻"},
    {"n":"预告片","v":"预告片"}
    ]
    },
    {"key":"area","name":"地区","value":[
    {"n":"全部地区","v":""},
    {"n":"大陆","v":"大陆"},
    {"n":"香港","v":"香港"},
    {"n":"台湾","v":"台湾"},
    {"n":"美国","v":"美国"},
    {"n":"韩国","v":"韩国"},
    {"n":"日本","v":"日本"},
    {"n":"泰国","v":"泰国"},
    {"n":"新加坡","v":"新加坡"},
    {"n":"马来西亚","v":"马来西亚"},
    {"n":"印度","v":"印度"},
    {"n":"英国","v":"英国"},
    {"n":"法国","v":"法国"},
    {"n":"加拿大","v":"加拿大"},
    {"n":"西班牙","v":"西班牙"},
    {"n":"俄罗斯","v":"俄罗斯"},
    {"n":"其它","v":"其它"}
    ]
    },
    {"key":"year","name":"时间","value":[
    {"n":"全部时间","v":""},
    {"n":"2023","v":"2023"},
    {"n":"2022","v":"2022"},
    {"n":"2021","v":"2021"},
    {"n":"2020","v":"2020"},
    {"n":"2019","v":"2019"},
    {"n":"2018","v":"2018"},
    {"n":"2017","v":"2017"},
    {"n":"2016","v":"2016"},
    {"n":"2015","v":"2015"},
    {"n":"2014","v":"2014"},
    {"n":"2013","v":"2013"},
    {"n":"2012","v":"2012"},
    {"n":"2011","v":"2011"},
    {"n":"2010","v":"2010"},
    {"n":"2009","v":"2009"},
    {"n":"2008","v":"2008"},
    {"n":"2007","v":"2007"},
    {"n":"2006","v":"2006"},
    {"n":"2005","v":"2005"},
    {"n":"2004","v":"2004"},
    {"n":"2003","v":"2003"}
    ]
    },
    {"key":"lang","name":"语言","value":[
    {"n":"全部语言","v":""},
    {"n":"国语","v":"国语"},
    {"n":"英语","v":"英语"},
    {"n":"粤语","v":"粤语"},
    {"n":"闽南语","v":"闽南语"},
    {"n":"韩语","v":"韩语"},
    {"n":"日语","v":"日语"},
    {"n":"法语","v":"法语"},
    {"n":"德语","v":"德语"},
    {"n":"其它","v":"其它"}
    ]
    },
    {"key":"by","name":"排序","value":[
    {"n":"全部排序","v":""},
    {"n":"时间排序","v":"time"},
    {"n":"人气排序","v":"hits"},
    {"n":"评分排序","v":"score"}
    ]
    }
    ],
    "3":[
    {"key":"cateId","name":"类型","value":[
    {"n":"全部类型","v":""},
    {"n":"大陆综艺","v":"28"},
    {"n":"港台综艺","v":"29"},
    {"n":"日韩综艺","v":"30"},
    {"n":"欧美综艺","v":"31"}
    ]
    },
    {"key":"class","name":"剧情","value":[
    {"n":"全部剧情","v":""},
    {"n":"脱口秀","v":"脱口秀"},
    {"n":"真人秀","v":"真人秀"},
    {"n":"选秀","v":"选秀"},
    {"n":"情感","v":"情感"},
    {"n":"访谈","v":"访谈"},
    {"n":"时尚","v":"时尚"},
    {"n":"晚会","v":"晚会"},
    {"n":"财经","v":"财经"},
    {"n":"益智","v":"益智"},
    {"n":"音乐","v":"音乐"},
    {"n":"游戏","v":"游戏"},
    {"n":"职场","v":"职场"},
    {"n":"美食","v":"美食"},
    {"n":"旅游","v":"旅游"}
    ]
    },
    {"key":"area","name":"地区","value":[
    {"n":"全部地区","v":""},
    {"n":"大陆","v":"大陆"},
    {"n":"香港","v":"香港"},
    {"n":"台湾","v":"台湾"},
    {"n":"美国","v":"美国"},
    {"n":"韩国","v":"韩国"},
    {"n":"日本","v":"日本"},
    {"n":"泰国","v":"泰国"},
    {"n":"新加坡","v":"新加坡"},
    {"n":"马来西亚","v":"马来西亚"},
    {"n":"印度","v":"印度"},
    {"n":"英国","v":"英国"},
    {"n":"法国","v":"法国"},
    {"n":"加拿大","v":"加拿大"},
    {"n":"西班牙","v":"西班牙"},
    {"n":"俄罗斯","v":"俄罗斯"},
    {"n":"其它","v":"其它"}
    ]
    },
    {"key":"year","name":"时间","value":[
    {"n":"全部时间","v":""},
    {"n":"2023","v":"2023"},
    {"n":"2022","v":"2022"},
    {"n":"2021","v":"2021"},
    {"n":"2020","v":"2020"},
    {"n":"2019","v":"2019"},
    {"n":"2018","v":"2018"},
    {"n":"2017","v":"2017"},
    {"n":"2016","v":"2016"},
    {"n":"2015","v":"2015"},
    {"n":"2014","v":"2014"},
    {"n":"2013","v":"2013"},
    {"n":"2012","v":"2012"},
    {"n":"2011","v":"2011"},
    {"n":"2010","v":"2010"},
    {"n":"2009","v":"2009"},
    {"n":"2008","v":"2008"},
    {"n":"2007","v":"2007"},
    {"n":"2006","v":"2006"},
    {"n":"2005","v":"2005"},
    {"n":"2004","v":"2004"},
    {"n":"2003","v":"2003"}
    ]
    },
    {"key":"lang","name":"语言","value":[
    {"n":"全部语言","v":""},
    {"n":"国语","v":"国语"},
    {"n":"英语","v":"英语"},
    {"n":"粤语","v":"粤语"},
    {"n":"闽南语","v":"闽南语"},
    {"n":"韩语","v":"韩语"},
    {"n":"日语","v":"日语"},
    {"n":"法语","v":"法语"},
    {"n":"德语","v":"德语"},
    {"n":"其它","v":"其它"}
    ]
    },
    {"key":"by","name":"排序","value":[
    {"n":"全部排序","v":""},
    {"n":"时间排序","v":"time"},
    {"n":"人气排序","v":"hits"},
    {"n":"评分排序","v":"score"}
    ]
    }
    ],
    "4":[
    {"key":"cateId","name":"类型","value":[
    {"n":"全部类型","v":""},
    {"n":"国产动漫","v":"32"},
    {"n":"日本动漫","v":"33"},
    {"n":"港台动漫","v":"34"},
    {"n":"其它动漫","v":"35"}
    ]
    },
    {"key":"class","name":"剧情","value":[
    {"n":"全部剧情","v":""},
    {"n":"冒险","v":"冒险"},
    {"n":"热血","v":"热血"},
    {"n":"搞笑","v":"搞笑"},
    {"n":"少女","v":"少女"},
    {"n":"推理","v":"推理"},
    {"n":"竞技","v":"竞技"},
    {"n":"益智","v":"益智"},
    {"n":"童话","v":"童话"},
    {"n":"经典","v":"经典"}
    ]
    },
    {"key":"area","name":"地区","value":[
    {"n":"全部地区","v":""},
    {"n":"大陆","v":"大陆"},
    {"n":"香港","v":"香港"},
    {"n":"台湾","v":"台湾"},
    {"n":"美国","v":"美国"},
    {"n":"韩国","v":"韩国"},
    {"n":"日本","v":"日本"},
    {"n":"泰国","v":"泰国"},
    {"n":"新加坡","v":"新加坡"},
    {"n":"马来西亚","v":"马来西亚"},
    {"n":"印度","v":"印度"},
    {"n":"英国","v":"英国"},
    {"n":"法国","v":"法国"},
    {"n":"加拿大","v":"加拿大"},
    {"n":"西班牙","v":"西班牙"},
    {"n":"俄罗斯","v":"俄罗斯"},
    {"n":"其它","v":"其它"}
    ]
    },
    {"key":"year","name":"时间","value":[
    {"n":"全部时间","v":""},
    {"n":"2023","v":"2023"},
    {"n":"2022","v":"2022"},
    {"n":"2021","v":"2021"},
    {"n":"2020","v":"2020"},
    {"n":"2019","v":"2019"},
    {"n":"2018","v":"2018"},
    {"n":"2017","v":"2017"},
    {"n":"2016","v":"2016"},
    {"n":"2015","v":"2015"},
    {"n":"2014","v":"2014"},
    {"n":"2013","v":"2013"},
    {"n":"2012","v":"2012"},
    {"n":"2011","v":"2011"},
    {"n":"2010","v":"2010"},
    {"n":"2009","v":"2009"},
    {"n":"2008","v":"2008"},
    {"n":"2007","v":"2007"},
    {"n":"2006","v":"2006"},
    {"n":"2005","v":"2005"},
    {"n":"2004","v":"2004"},
    {"n":"2003","v":"2003"}
    ]
    },
    {"key":"lang","name":"语言","value":[
    {"n":"全部语言","v":""},
    {"n":"国语","v":"国语"},
    {"n":"英语","v":"英语"},
    {"n":"粤语","v":"粤语"},
    {"n":"闽南语","v":"闽南语"},
    {"n":"韩语","v":"韩语"},
    {"n":"日语","v":"日语"},
    {"n":"法语","v":"法语"},
    {"n":"德语","v":"德语"},
    {"n":"其它","v":"其它"}
    ]
    },
    {"key":"by","name":"排序","value":[
    {"n":"全部排序","v":""},
    {"n":"时间排序","v":"time"},
    {"n":"人气排序","v":"hits"},
    {"n":"评分排序","v":"score"}
    ]
    }
    ]
    }
    }