    {
    
    "作者":"荷城茶秀",
    
    "站名":"西瓜影视",
    
    "主页url":"https://www.xiguazx.com/",
    
    "简介":"荷城茶秀提醒您请勿相信影片中的广告，以免上当受骗。+content vod_content\"&&</span>",
    
    "导演":"导演：&&</div>",
    
    "主演":"主演：&&</div>",
    
    "影片类型":"video-tag-icon\">&&立即播放",
    
    "影片状态":"备注：&&</div>",
    
    "数组":"module-item-pic\"&&module-item\"",
    
    "标题":"alt=\"&&\"",
    
    "副标题":"module-item-text\">&&</div>",
    
    "图片":"data-src=\"&&\"",
    
    "链接":"href=\"&&\"",
    
    "搜索url":"/index.php/vod/search.html?wd={wd}",
    
    "搜索数组":"lazy lazyload\"&&<h3>",
    
    "搜索标题":"alt=\"&&\"",
    
    "搜索副标题":"title=*>&&</a>",
    
    "搜索图片":"data-src=\"&&\"",
    
    "搜索链接":"href=\"&&\"",
    
    "线路数组":"data-dropdown-value=&&</div>",
    
    "线路标题":"<span>&&</small>[替换:QY线路>>奇艺线路#YK线路>>优酷线路#TX线路>>腾讯线路#MG线路>>芒果线路#</span><small>>>🌸]共+集🌸",
    
    "播放数组":"sort-item\"&&</div>",
    
    "播放标题":"<span>&&</span>",
    
    "播放列表":"<a&&</a>",
    
    "分类url":"https://www.xiguazx.com/index.php/vod/show/by/{by}/id/{cateId}/page/{catePg}.html;;ak",
    
    "分类":"电影$55#电视剧$72#动漫$78#综艺$80#B站$82",
    
    "筛选":{
    "55":[
    {"key":"cateId","name":"类型","value":[
    {"n":"全部类型","v":""},
    {"n":"动作片","v":"56"},
    {"n":"喜剧片","v":"57"},
    {"n":"爱情片","v":"58"},
    {"n":"科幻片","v":"59"},
    {"n":"恐怖片","v":"60"},
    {"n":"剧情片","v":"61"},
    {"n":"战争片","v":"62"},
    {"n":"惊悚片","v":"63"},
    {"n":"犯罪片","v":"64"},
    {"n":"冒险篇","v":"65"},
    {"n":"动画片","v":"66"},
    {"n":"悬疑片","v":"67"},
    {"n":"武侠片","v":"68"},
    {"n":"奇幻片","v":"69"},
    {"n":"纪录片","v":"70"},
    {"n":"其他片","v":"71"}
    ]
    },
    {"key":"by","name":"排序","value":[
    {"n":"全部排序","v":""},
    {"n":"时间排序","v":"time"},
    {"n":"人气排序","v":"hits"},
    {"n":"评分排序","v":"score"}
    ]
    }
    ],
    "72":[
    {"key":"cateId","name":"类型","value":[
    {"n":"全部类型","v":""},
    {"n":"国产剧","v":"73"},
    {"n":"港台剧","v":"74"},
    {"n":"欧美剧","v":"75"},
    {"n":"日韩剧","v":"76"},
    {"n":"其他剧","v":"77"}
    ]
    },
    {"key":"by","name":"排序","value":[
    {"n":"全部排序","v":""},
    {"n":"时间排序","v":"time"},
    {"n":"人气排序","v":"hits"},
    {"n":"评分排序","v":"score"}
    ]
    }
    ],
    "78":[
    {"key":"cateId","name":"类型","value":[
    {"n":"全部类型","v":""},
    {"n":"动漫","v":"79"}
    ]
    },
    {"key":"by","name":"排序","value":[
    {"n":"全部排序","v":""},
    {"n":"时间排序","v":"time"},
    {"n":"人气排序","v":"hits"},
    {"n":"评分排序","v":"score"}
    ]
    }
    ],
    "80":[
    {"key":"cateId","name":"类型","value":[
    {"n":"全部类型","v":""},
    {"n":"综艺","v":"81"}
    ]
    },
    {"key":"by","name":"排序","value":[
    {"n":"全部排序","v":""},
    {"n":"时间排序","v":"time"},
    {"n":"人气排序","v":"hits"},
    {"n":"评分排序","v":"score"}
    ]
    }
    ],
    "82":[
    {"key":"cateId","name":"类型","value":[
    {"n":"全部类型","v":""},
    {"n":"番剧（B站）","v":"83"},
    {"n":"国创（B站）","v":"84"},
    {"n":"电影（B站）","v":"85"},
    {"n":"电视剧（B站）","v":"86"}
    ]
    },
    {"key":"by","name":"排序","value":[
    {"n":"全部排序","v":""},
    {"n":"时间排序","v":"time"},
    {"n":"人气排序","v":"hits"},
    {"n":"评分排序","v":"score"}
    ]
    }
    ]
    }
    }